model,mae,rmse,mase,r2
XGBoost,3.679270274303526,5.844920099385511,0.7129100918593431,0.905813455581665
RandomForest,3.6908256340360466,5.792812987310374,0.7151491044771205,0.9074852931075438
